t,x,y
0.0,0.11657612885362126,-
0.01,-,0.5321721487934836
0.02,-,-
0.03,-,0.5227211376562837
0.04,-,0.5175127901254364
0.05,-,-
0.06,0.1826774731068824,-
0.07,-,-
0.08,0.21085637326970205,-
0.09,-,0.5385071420348488
0.1,-,-
0.11,-,-
0.12,-,0.4698327943368824
0.13,-,-
0.14,0.26405610949669533,-
0.15,-,-
0.16,-,0.4654379718390382
0.17,0.2924209006177368,-
0.18,-,-
0.19,-,-
0.2,0.3265208262359446,0.4876794717515014
0.21,0.2957894541503023,-
0.22,-,0.4474801259003744
0.23,0.3277086733880665,0.4508298521051054
0.24,-,-
0.25,-,-
0.26,-,-
0.27,-,0.456824999298244
0.28,-,-
0.29,-,0.44957870736054495
0.3,-,0.41755990011108607
0.31,-,0.4650656542704953
0.32,-,-
0.33,-,0.43271962570460387
0.34,0.41631275756374586,-
0.35,-,-
0.36,-,-
0.37,-,0.4442475757892235
0.38,0.40996734071602814,-
0.39,-,0.42315278590275673
0.4,-,-
0.41,0.4306087427644294,0.4063772401036113
0.42,-,-
0.43,-,-
0.44,0.45533994225229474,-
0.45,0.4498017872065347,-
0.46,-,-
0.47,0.4930006675339661,-
0.48,0.47059732041339614,-
0.49,0.4643603832552853,-
0.5,0.4918760700362764,-
0.51,-,-
0.52,-,-
0.53,0.510322274013365,-
0.54,-,0.35626620801425607
0.55,-,-
0.56,-,-
0.57,-,-
0.58,0.5182720021440201,-
0.59,-,-
0.6,0.5162657288913295,-
0.61,-,-
0.62,-,-
0.63,-,0.3222826657884622
0.64,-,-
0.65,-,0.3063077001115799
0.66,-,-
0.67,0.531284359305277,0.29046504516014743
0.68,0.5372149387615711,-
0.69,0.5641924972793596,0.2771364585784688
0.7,-,-
0.71,-,-
0.72,-,0.25266926266564615
0.73,-,0.309328766304639
0.74,-,0.29789513107381493
0.75,-,-
0.76,-,-
0.77,-,-
0.78,-,-
0.79,0.555528094167696,-
0.8,-,0.2787760429608431
0.81,0.5770830260232648,-
0.82,-,0.26829561314973355
0.83,0.5790646236138021,-
0.84,0.6028682541923436,0.2607836616594184
0.85,-,0.20193824879671549
0.86,-,-
0.87,0.5904114934216875,-
0.88,-,-
0.89,-,-
0.9,-,0.22515881818994588
0.91,0.6055303142919265,0.18813528450231692
0.92,0.5926563997437236,-
0.93,0.5771887067234088,-
0.94,0.5665224507973707,-
0.95,0.5631654600968434,-
0.96,-,-
0.97,-,0.1659086448062457
0.98,0.5758989255583693,-
0.99,-,0.20042860434108783
1.0,-,-
1.01,-,-
1.02,-,-
1.03,0.586494904138994,-
1.04,-,-
1.05,0.5506026317743765,-
1.06,-,0.14111816024612092
1.07,0.5647720412914028,-
1.08,0.5600619863905494,-
1.09,-,-
1.1,-,-
1.11,-,-
1.12,-,0.1090722389662405
1.13,-,-
1.14,-,-
1.15,-,0.12384727889294231
1.16,-,0.0994417234505051
1.17,0.5395265798570756,-
1.18,-,-
1.19,0.5689380881349612,-
1.2,0.5486607170298834,0.09866880038839404
1.21,-,0.09294334893276278
1.22,0.5404165801483073,-
1.23,-,0.0816282521118823
1.24,-,-
1.25,-,-
1.26,-,-
1.27,-,-
1.28,-,-
1.29,-,0.09136578082193983
1.3,-,-
1.31,-,0.07694607367540217
1.32,-,-
1.33,-,-
1.34,-,-
1.35,-,0.05600985173148064
1.36,0.49992294026445516,-
1.37,-,-
1.38,0.49980442444570916,-
1.39,-,0.06841230116066052
1.4,-,-
1.41,-,-
1.42,-,0.06808749701706569
1.43,-,-
1.44,-,-
1.45,0.4682892173235358,-
1.46,0.4822255556519311,0.08478434126064402
1.47,-,-
1.48,-,-
1.49,-,-
1.5,-,-
1.51,-,-
1.52,0.45164535999192124,-
1.53,0.45115719259787324,0.055689115348551886
1.54,-,0.05172784503282578
1.55,-,-
1.56,-,-
1.57,-,-
1.58,-,0.0003350478647834148
1.59,-,-
1.6,-,-
1.61,-,0.057985066990251986
1.62,-,0.01707858149732268
1.63,0.4210630874104512,-
1.64,0.3982748845548587,-0.003306769625397897
1.65,-,-
1.66,-,0.024320850999551353
1.67,-,0.04482659181976946
1.68,-,-
1.69,0.37640930651859905,0.041435962059726265
1.7,0.41071959773764755,-
1.71,0.3852793636304852,-
1.72,-,0.00995833582391437
1.73,0.38115551613969734,0.04391181009662057
1.74,-,-
1.75,-,-
1.76,0.348100183340742,0.025017870623783498
1.77,-,0.007532032395610469
1.78,-,-0.017197841010575074
1.79,0.3732652135650678,-
1.8,-,0.03492191272842699
1.81,-,-
1.82,-,-0.02041051057339629
1.83,-,0.013875616105631108
1.84,-,-
1.85,-,-
1.86,-,-
1.87,-,-
1.88,0.3345743765454535,0.0024927238618327463
1.89,-,-
1.9,0.2806185334654284,-0.02541915524863511
1.91,-,0.024504970739505534
1.92,0.30309893542063193,-
1.93,-,0.017975568100190048
1.94,-,-
1.95,-,-
1.96,0.2838556932685161,-
1.97,-,-
1.98,0.28536639280003867,-0.018664840942206162
1.99,-,-0.03222090786238012
2.0,0.27746236478456354,0.025144209116943782
2.01,-,-
2.02,-,-
2.03,-,-
2.04,-,-0.009126332935762076
2.05,-,-
2.06,-,-
2.07,-,-0.0074906225661109105
2.08,-,-
2.09,-,-
2.1,-,-
2.11,-,-
2.12,0.24598256233311447,-0.01787792425699547
2.13,-,-
2.14,0.23900909106611942,-
2.15,-,-0.021885278281121093
2.16,0.20644021035187532,-0.02721054346356364
2.17,-,-0.025271761351202446
2.18,0.17846878080151807,-
2.19,0.17951533344522097,-
2.2,-,-
2.21,-,-0.00013279577650745708
2.22,-,0.00020192186237954005
2.23,-,-
2.24,-,-
2.25,-,-
2.26,0.1837768181274485,0.004226130193165575
2.27,0.17597640718774055,-
2.28,0.1457398043175569,-
2.29,-,-
2.3,-,-
2.31,0.18438141368055969,0.03133886366514099
2.32,-,-
2.33,-,0.019585964216596922
2.34,-,0.014963220757092319
2.35,-,-
2.36,0.13427766513914874,0.010552621363643775
2.37,0.14893573749095787,-
2.38,0.14288558432470938,-
2.39,-,0.030684429842425573
2.4,0.13552980649918422,-0.0040718369203457
2.41,-,0.007314483825861369
2.42,-,-
2.43,-,0.03219988261974948
2.44,-,0.044666073153497035
2.45,-,-
2.46,0.11229175618784393,-
2.47,0.11351732244261382,0.02110404931321637
2.48,-,-
2.49,-,-
2.5,-,0.03535533087156661
2.51,-,-
2.52,0.093098399538893,-
2.53,-,-
2.54,0.09934218889003382,-
2.55,-,-
2.56,-,-
2.57,-,-
2.58,-,-
2.59,0.09525377521645959,-
2.6,-,-
2.61,-,-
2.62,0.10191364708409408,-
2.63,0.11142148836789406,-
2.64,0.10712463830241237,-
2.65,0.10019417161789361,-
2.66,0.1202186930154231,-
2.67,-,-
2.68,-,0.04038359556338873
2.69,0.07723622093726523,-
2.7,-,-
2.71,0.0913068472913376,-
2.72,-,-
2.73,0.08045478502798525,-
2.74,-,0.07483697646743165
2.75,-,-
2.76,0.0895525116638344,0.0829567739552438
2.77,-,0.07223935960642214
2.78,0.10463919795131481,-
2.79,-,-
2.8,0.08774631097140811,-
2.81,-,-
2.82,0.09637086546029988,0.08583723731947199
2.83,0.10610045029907768,-
2.84,-,-
2.85,0.1111494062609005,-
2.86,-,0.08210899162049522
2.87,0.09705756499681449,-
2.88,-,0.0771533369109615
2.89,-,-
2.9,0.09918844194969156,-
2.91,-,-
2.92,-,0.07413221869909564
2.93,-,-
2.94,-,0.11259565029062624
2.95,-,0.08581511980985236
2.96,-,-
2.97,-,-
2.98,-,-
2.99,-,-
3.0,0.08284358321880288,-
3.01,-,0.10850418454981475
3.02,-,0.12398777657935595
3.03,-,-
3.04,-,0.09211802242534572
3.05,0.12273955637484078,-
3.06,0.10503305077383288,-
3.07,-,-
3.08,0.1143156359057905,-
3.09,0.13380316164140219,-
3.1,-,0.13791471339555686
3.11,0.1244336966086014,0.10588929884547467
3.12,0.130758108680742,-
3.13,-,0.1585073828987162
3.14,-,-
3.15,-,0.10387825128544322
3.16,-,0.12063923922558369
3.17,-,-
3.18,-,0.163601453701818
3.19,-,-
3.2,-,0.16534423880706545
3.21,0.12529869561170773,-
3.22,-,-
3.23,-,-
3.24,-,0.1363256807522583
3.25,-,-
3.26,-,0.12823768011904302
3.27,-,-
3.28,-,0.17699087265911245
3.29,0.18077662146495826,-
3.3,-,-
3.31,0.14827025488940065,-
3.32,-,-
3.33,-,-
3.34,-,-
3.35,-,-
3.36,-,0.1841133548368219
3.37,-,0.13141154068458397
3.38,-,-
3.39,0.1763007813342406,-
3.4,-,-
3.41,-,-
3.42,-,0.1345582799103033
3.43,-,-
3.44,-,-
3.45,-,0.14157882951838624
3.46,-,-
3.47,-,-
3.48,-,0.1493006439484457
3.49,-,0.19143926172352982
3.5,-,-
3.51,-,-
3.52,0.2382883427461444,-
3.53,0.2163277207533188,-
3.54,-,0.20544220987451006
3.55,-,-
3.56,-,-
3.57,-,0.16225498841909286
3.58,-,0.18907078322721393
3.59,-,-
3.6,-,-
3.61,0.2698160863538053,0.14615642981437058
3.62,-,-
3.63,-,-
3.64,-,-
3.65,-,-
3.66,-,-
3.67,-,-
3.68,-,-
3.69,-,-
3.7,-,-
3.71,-,-
3.72,-,-
3.73,0.34099633107302935,-
3.74,-,-
3.75,-,-
3.76,-,-
3.77,0.31791389821698124,0.18725639784696743
3.78,0.33146215616065033,0.21155030771351643
3.79,0.34803057966626666,-
3.8,-,-
3.81,-,-
3.82,-,-
3.83,-,-
3.84,0.35053190541098717,-
3.85,0.36886646903995457,0.18177702516947253
3.86,-,-
3.87,0.38911768459104573,-
3.88,-,0.18089277754482672
3.89,-,-
3.9,0.37963326744948744,0.15104874911928923
3.91,-,-
3.92,-,0.16559983171335302
3.93,-,-
3.94,0.4080469760102563,-
3.95,-,0.15252197077289315
3.96,-,-
3.97,-,0.1846566957896134
3.98,-,-
3.99,-,0.14575661262375572
4.0,0.42373909800484605,0.13990117690411022
4.01,0.4519476512580653,-
4.02,0.4549333187769476,-
4.03,-,-
4.04,0.47887816497664,-
4.05,0.44282259903459126,-
4.06,0.47630511611499526,-
4.07,0.4807885101799419,0.19240218214590044
4.08,-,0.16389971147181406
4.09,-,-
4.1,0.4953097030034983,-
4.11,-,-
4.12,0.510242500366537,0.12937192356905322
4.13,-,-
4.14,-,0.1301685381345965
4.15,-,0.1856132972930058
4.16,-,-
4.17,-,-
4.18,-,-
4.19,-,-
4.2,-,-
4.21,0.5231400247322289,0.14550534473235596
4.22,-,0.1522516159132366
4.23,0.5306169190387524,-
4.24,0.5383120729893918,-
4.25,-,-
4.26,-,-
4.27,-,-
4.28,-,0.1326801613907382
4.29,0.5439585083883575,-
4.3,-,-
4.31,-,-
4.32,-,-
4.33,0.5734013432655465,0.10369270342677388
4.34,-,-
4.35,-,-
4.36,-,-
4.37,-,0.13413791223021346
4.38,-,-
4.39,-,-
4.4,-,-
4.41,-,-
4.42,0.6001589380870396,-
4.43,-,-
4.44,-,-
4.45,0.6109922567531739,0.11969840653925976
4.46,0.6267235487564504,-
4.47,-,-
4.48,0.6427738484029812,-
4.49,-,-
4.5,-,-
4.51,-,-
4.52,-,-
4.53,-,-
4.54,0.6414156869339338,-
4.55,-,0.06056757165360255
4.56,-,-
4.57,-,-
4.58,-,-
4.59,-,-
4.6,-,-
4.61,-,-
4.62,0.6660647178159804,0.050991876231479424
4.63,0.6939363200397759,-
4.64,-,-
4.65,-,-
4.66,-,-
4.67,0.6999987183188666,0.04704981518998956
4.68,0.6737726935517163,-
4.69,0.7029688224847325,0.029494627978307965
4.7,-,-
4.71,-,-
4.72,-,-
4.73,-,-
4.74,-,-
4.75,-,-
4.76,-,0.03309942124769731
4.77,-,-0.002264401316795799
4.78,-,0.041959479637689104
4.79,-,0.006467546059438396
4.8,-,-
4.81,0.6981260057026986,0.032377268308660986
4.82,-,0.0012919415917291496
4.83,-,-
4.84,-,-
4.85,-,-
4.86,0.6960746478514682,-
4.87,-,-
4.88,-,-0.011290145364071469
4.89,-,-0.02908618741256975
4.9,-,-0.0047011494311830285
4.91,0.7033758670861262,-
4.92,-,-0.0507427360024941
4.93,-,-
4.94,-,-
4.95,-,-
4.96,-,-
4.97,-,-
4.98,-,-0.07066730760124693
4.99,-,-
5.0,0.6935612590031475,-
5.01,-,-0.08376680210486555
5.02,-,-0.04266410589643099
5.03,0.718929837402102,-
5.04,-,-
5.05,-,-
5.06,-,-
5.07,-,-
5.08,-,-
5.09,-,-
5.1,0.7099386228226958,-
5.11,0.6985618356318761,-
5.12,-,-0.1140278677967238
5.13,-,-
5.14,-,-
5.15,0.6914381538184475,-0.12918313889403057
5.16,-,-
5.17,0.7274207077506551,-0.10979110451989951
5.18,-,-
5.19,-,-
5.2,0.7075896177293665,-0.1054123052694299
5.21,-,-0.09005266359403481
5.22,-,-
5.23,-,-
5.24,-,-
5.25,-,-0.1545155363352105
5.26,-,-
5.27,-,-0.12299568707772991
5.28,-,-
5.29,-,-
5.3,-,-0.1301002981993206
5.31,-,-
5.32,0.6842293643445456,-
5.33,-,-0.16383421316906513
5.34,-,-
5.35,-,-0.17245063490130552
5.36,0.6429058079339203,-0.1568240741621103
5.37,-,-
5.38,0.675230439770661,-0.14435334149761964
5.39,-,-
5.4,-,-
5.41,-,-0.19102325748588425
5.42,-,-
5.43,-,-0.17100947279852655
5.44,0.66033232482094,-0.21168440543051598
5.45,0.6563619801321944,-
5.46,0.6135811830307928,-0.17030789864354426
5.47,-,-
5.48,-,-0.2164469877966341
5.49,-,-
5.5,0.6318829719593437,-0.24120418113747083
5.51,-,-
5.52,-,-
5.53,-,-
5.54,-,-
5.55,-,-0.24601787313239137
5.56,0.5810660030420892,-
5.57,0.5640840134882672,-
5.58,-,-
5.59,-,-
5.6,-,-
5.61,-,-0.25286108107641125
5.62,-,-
5.63,-,-
5.64,0.5467716511139895,-
5.65,-,-
5.66,0.52301494270749,-
5.67,0.5268947640639264,-0.2348252909810705
5.68,-,-
5.69,-,-0.24960836639184558
5.7,-,-
5.71,0.5284166785895739,-
5.72,-,-0.24816989545488427
5.73,-,-0.287725722187374
5.74,-,-
5.75,0.49947577599844056,-0.2584415167648013
5.76,-,-
5.77,-,-0.2798520995934208
5.78,-,-
5.79,-,-
5.8,-,-0.27417987463404825
5.81,-,-0.27533769142542536
5.82,0.4608398630223107,-0.30850125452930155
5.83,-,-
5.84,-,-
5.85,0.4468517111855864,-
5.86,-,-0.3188036617980582
5.87,0.43842813544159176,-
5.88,-,-
5.89,-,-
5.9,0.40834912659099715,-
5.91,0.42152741389540505,-
5.92,0.3918831145550412,-
5.93,-,-
5.94,0.3857008209848919,-
5.95,-,-
5.96,-,-
5.97,-,-0.3007548140596508
5.98,-,-
5.99,0.32748005652789247,-
6.0,-,-
6.01,-,-
6.02,0.3237083616085475,-
6.03,-,-
6.04,0.30280777181991614,-
6.05,-,-
6.06,-,-0.3483952762199227
6.07,-,-
6.08,0.29338295426675515,-
6.09,-,-
6.1,-,-0.34664357700785764
6.11,-,-
6.12,0.2624592877157652,-
6.13,-,-
6.14,-,-
6.15,-,-
6.16,-,-
6.17,-,-
6.18,-,-
6.19,0.21247168170282704,-
6.2,0.1781613988389921,-
6.21,-,-0.35303107543081963
6.22,-,-
6.23,0.15395822023672573,-
6.24,-,-0.378536540771517
6.25,-,-
6.26,-,-0.39178679618719703
6.27,-,-
6.28,-,-
6.29,-,-0.3834278948245735
6.3,-,-
6.31,-,-
6.32,-,-
6.33,-,-
6.34,-,-
6.35,-,-
6.36,0.07548882773871034,-0.35088110209508827
6.37,-,-
6.38,-,-
6.39,-,-0.34345773191442114
6.4,-,-
6.41,-,-0.3559114802054795
6.42,-,-0.3778832291016083
6.43,0.021093385171554957,-0.3901455652167679
6.44,-0.0010866168635627477,-
6.45,-,-0.37103412206427916
6.46,-0.006551063955078984,-0.354674400908976
6.47,-0.010409898680801472,-0.39543496004920664
6.48,-0.06090641260734614,-0.34786118174830305
6.49,-,-0.35952028144765974
6.5,-,-
6.51,-,-
6.52,-,-0.36948022333039365
6.53,-,-
6.54,-,-0.383712542312804
6.55,-0.09252693007605631,-0.37090637525769876
6.56,-,-
6.57,-,-
6.58,-,-
6.59,-,-
6.6,-0.1471247971591481,-0.3903806108764988
6.61,-,-
6.62,-0.17671094624877015,-0.3516850412886397
6.63,-,-
6.64,-0.1787612370363958,-
6.65,-,-
6.66,-,-
6.67,-,-0.36555582141977633
6.68,-,-0.3839225633715554
6.69,-,-0.3858479022482389
6.7,-,-
6.71,-,-0.35290948318418647
6.72,-,-
6.73,-0.2397300155230881,-
6.74,-,-
6.75,-,-
6.76,-,-
6.77,-,-0.3128482455053461
6.78,-0.30594718722136977,-
6.79,-0.29690456666006876,-
6.8,-0.293503832952423,-
6.81,-,-0.33728509688019476
6.82,-,-0.3228269557052977
6.83,-0.31277848236291717,-
6.84,-,-0.31213270589956615
6.85,-,-0.33480816329958807
6.86,-0.33778263321348956,-0.3343999650132417
6.87,-,-
6.88,-,-
6.89,-,-
6.9,-,-
6.91,-,-0.3189161117813535
6.92,-,-
6.93,-0.4068231502603725,-
6.94,-,-0.30242078924916543
6.95,-,-
6.96,-,-
6.97,-,-
6.98,-0.4533133960711685,-
6.99,-,-
7.0,-,-0.31124711953700235
7.01,-,-
7.02,-,-
7.03,-,-
7.04,-,-
7.05,-0.5047762266601222,-
7.06,-,-
7.07,-0.48886057897778845,-
7.08,-,-0.2812438835137059
7.09,-0.5307725831134418,-0.2887142627423654
7.1,-,-
7.11,-,-
7.12,-0.5566666170226222,-
7.13,-0.5587228742509069,-
7.14,-,-
7.15,-0.5453348661694126,-
7.16,-,-
7.17,-,-0.26773712417473866
7.18,-,-0.27651506771641654
7.19,-,-
7.2,-,-
7.21,-,-0.20373410750355692
7.22,-,-
7.23,-0.624018560086977,-0.20880685754529676
7.24,-0.6024952712056149,-0.24889803642006347
7.25,-,-
7.26,-,-0.23241240130907767
7.27,-,-0.20563842307650948
7.28,-,-
7.29,-0.6282709576532066,-
7.3,-,-
7.31,-,-0.18187177876578103
7.32,-,-
7.33,-,-
7.34,-,-
7.35,-0.6522919282656355,-0.18532206259785577
7.36,-,-
7.37,-,-
7.38,-,-0.20273370364431922
7.39,-0.7161199170075512,-
7.4,-,-0.1659159286973881
7.41,-,-
7.42,-0.6877247166718865,-
7.43,-0.7223563877625421,-
7.44,-,-
7.45,-,-0.15035174257681036
7.46,-,-
7.47,-,-0.12090299422372847
7.48,-0.7316406295791047,-0.10175935422918124
7.49,-0.7148621198710601,-
7.5,-,-
7.51,-,-
7.52,-,-
7.53,-,-
7.54,-0.7647469871630712,-
7.55,-,-
7.56,-0.7445064777905588,-0.09153567886768776
7.57,-,-
7.58,-0.7515355127949507,-
7.59,-,-
7.6,-,-
7.61,-,-
7.62,-0.7853166494224486,-0.07900437905060342
7.63,-,-0.049767787840883725
7.64,-,-
7.65,-,-
7.66,-,-0.04163774482269787
7.67,-0.7888073342082632,-
7.68,-0.7973686626043565,-0.039189754178307175
7.69,-,-
7.7,-0.785625957306297,-
7.71,-,-
7.72,-,-
7.73,-,-
7.74,-0.7825713753308436,-
7.75,-,-
7.76,-,-0.0004928082117701682
7.77,-,-
7.78,-,-
7.79,-,-
7.8,-0.7935773347251945,0.03630219944946832
7.81,-,-0.012086644691655568
7.82,-0.8019066190181628,-
7.83,-0.8170299242269219,-
7.84,-,-0.003086925278892194
7.85,-,-
7.86,-,-
7.87,-,0.05962163136907191
7.88,-0.8445081720945702,0.07494003887630478
7.89,-,-
7.9,-,0.0838206430343025
7.91,-,-
7.92,-,0.05874344492250283
7.93,-,-
7.94,-,0.10276794213061657
7.95,-,0.06119691330445083
7.96,-0.8395391915284621,-
7.97,-,0.057856820554588635
7.98,-0.801189054440514,0.061373358998920095
7.99,-,-
8.0,-,0.1317929972105396
8.01,-0.808318143165182,0.0830226118664119
8.02,-0.8026533561834776,-
8.03,-0.8088653758862653,-
8.04,-0.8222039153929811,0.13897573294602183
8.05,-,0.12445504082073536
8.06,-,0.16127051838705742
8.07,-0.8086748398756604,0.13563651742056007
8.08,-,-
8.09,-0.7907950462611529,-
8.1,-,-
8.11,-,-
8.12,-,-
8.13,-,0.13553135248582188
8.14,-,-
8.15,-,0.14507156395069212
8.16,-,0.1635528475860175
8.17,-,-
8.18,-,-
8.19,-,-
8.2,-,-
8.21,-,-
8.22,-0.7693201703597181,-
8.23,-,-
8.24,-0.7489757604111907,-
8.25,-,-
8.26,-0.7837832312099978,-
8.27,-,-
8.28,-,0.218059902029592
8.29,-,-
8.3,-,0.2270219554892145
8.31,-0.7351347383154871,-
8.32,-,-
8.33,-0.7196822340860851,-
8.34,-,-
8.35,-,-
8.36,-,-
8.37,-,-
8.38,-,-
8.39,-,-
8.4,-,-
8.41,-,-
8.42,-0.6804544253812675,0.319304769479285
8.43,-,0.26728811645082295
8.44,-0.6678601989675302,-
8.45,-,0.2780771397984456
8.46,-,-
8.47,-,-
8.48,-,-
8.49,-,0.34589785214658486
8.5,-,0.32081200014246486
8.51,-,-
8.52,-,-
8.53,-,-
8.54,-,-
8.55,-0.6287530994302216,0.3418317374903032
8.56,-0.6135904774839112,-
8.57,-,0.3670190340754732
8.58,-,0.38420654645000896
8.59,-,-
8.6,-,-
8.61,-0.5860394036672142,0.39337279729240043
8.62,-,-
8.63,-,-
8.64,-0.5493736321368217,-
8.65,-,-
8.66,-0.562393574589336,-
8.67,-0.5519943311165193,-
8.68,-,-
8.69,-,-
8.7,-,-
8.71,-,0.4021262392607728
8.72,-,0.440073076151256
8.73,-,-
8.74,-,-
8.75,-0.48847523672895304,-
8.76,-0.471461096626412,0.4127514787714843
8.77,-0.4861589310142143,-
8.78,-0.4686664970648514,0.42775345777090884
8.79,-,-
8.8,-0.47638296082630294,-
8.81,-,-
8.82,-0.45806210099574624,-
8.83,-,0.43615068365277804
8.84,-,-
8.85,-0.39844839683242167,-
8.86,-,0.4347607866731291
8.87,-,-
8.88,-,0.4696723120038515
8.89,-,0.4759648734138708
8.9,-,-
8.91,-,0.4716875929462796
8.92,-0.3557382298742951,-
8.93,-,-
8.94,-,-
8.95,-,-
8.96,-0.31487759433245105,0.4746086271223135
8.97,-,0.47481876122602573
8.98,-0.2810197192927954,0.4833905695886797
8.99,-,-
9.0,-0.26924642894343176,0.507709803263573
9.01,-,-
9.02,-0.24707031042057997,0.47941376619572595
9.03,-,-
9.04,-,0.46683866107940136
9.05,-,-
9.06,-,-
9.07,-,-
9.08,-,-
9.09,-0.22207498936107206,-
9.1,-,-
9.11,-,0.47391402816328776
9.12,-,-
9.13,-,-
9.14,-0.13846273231779105,-
9.15,-0.14974002912609227,-
9.16,-,-
9.17,-,0.49947776046023484
9.18,-,0.48814600147265297
9.19,-,0.5217832906218818
9.2,-,-
9.21,-,-
9.22,-,-
9.23,-0.05417980447377539,0.5137668379934464
9.24,-,-
9.25,-,-
9.26,-0.029889923368488558,0.5555277765290167
9.27,-,0.5196909044782274
9.28,-0.00958224757665889,-
9.29,0.011877277347891096,0.528180183412622
9.3,-0.008936762201518234,-
9.31,-,-
9.32,-0.0020389094627091403,-
9.33,0.03647227391037499,-
9.34,0.03429948929084452,0.5562760613951163
9.35,-,0.5387908214456235
9.36,-,-
9.37,-,-
9.38,-,0.530498627989716
9.39,-,-
9.4,0.07897356050995323,-
9.41,-,0.5031463633953163
9.42,-,-
9.43,-,0.5591050231866208
9.44,0.1234854160178078,-
9.45,-,0.5494743993692737
9.46,0.1421043677483607,-
9.47,-,-
9.48,-,0.506028852854228
9.49,0.1759637745136906,-
9.5,-,-
9.51,-,-
9.52,-,-
9.53,-,-
9.54,0.2518363330565403,0.5020804578903874
9.55,0.2701108504348975,-
9.56,0.2660632325923876,0.5144936735968884
9.57,-,-
9.58,-,-
9.59,0.2920034966658849,0.4943255328632796
9.6,-,0.5466725852227624
9.61,-,-
9.62,-,-
9.63,0.33344687001309764,0.5118859308559216
9.64,-,0.5352464683278317
9.65,-,-
9.66,-,-
9.67,0.37334326092919534,0.5314076568267855
9.68,-,-
9.69,0.37441265684668673,-
9.7,-,-
9.71,-,-
9.72,-,0.5018392358007918
9.73,0.441338859888883,-
9.74,-,-
9.75,-,-
9.76,-,0.534244666599978
9.77,-,-
9.78,-,-
9.79,-,0.4778144803972234
9.8,0.4943987223031034,0.49328546993552863
9.81,-,-
9.82,-,0.46639168385498614
9.83,-,-
9.84,-,0.4822965487466875
9.85,0.5432170968400137,0.4672721655132664
9.86,0.5422921265536813,-
9.87,0.5347265472666969,0.5033247233956791
9.88,-,-
9.89,-,-
9.9,-,0.4998208166454288
9.91,-,0.47051989818296364
9.92,-,-
9.93,0.5865938268593629,-
9.94,-,-
9.95,-,0.4353446647620326
9.96,-,0.44729082958157607
9.97,-,-
9.98,0.6446277553992996,-
9.99,0.646279060471917,-
10.0,0.676062344459828,-
10.01,0.665207345471672,-
10.02,-,-
10.03,-,0.4143529701737871
10.04,-,-
10.05,-,-
10.06,0.7101587502556294,-
10.07,0.7302253884533639,0.41634291800886974
10.08,-,0.46283669951709705
10.09,0.7419269715709722,-
10.1,-,-
10.11,-,-
10.12,-,-
10.13,-,0.40161920075198543
10.14,0.772826833430967,-
10.15,-,-
10.16,-,-
10.17,-,0.38112670679153815
10.18,-,-
10.19,-,-
10.2,-,0.36465111948485723
10.21,0.827597262042768,-
10.22,-,-
10.23,-,-
10.24,-,-
10.25,-,-
10.26,-,-
10.27,-,-
10.28,0.8729638000783698,-
10.29,-,-
10.3,-,-
10.31,-,-
10.32,-,-
10.33,-,0.3436573585801441
10.34,-,0.3510117357686747
10.35,0.931644589173935,-
10.36,-,-
10.37,-,-
10.38,-,-
10.39,-,-
10.4,0.9406820332845472,-
10.41,-,-
10.42,0.9676943323573368,-
10.43,-,-
10.44,0.962362136269121,0.26929242369495177
10.45,-,0.2735754963267194
10.46,-,-
10.47,0.9649434398419162,-
10.48,-,0.2818096255689617
10.49,1.0115773732766757,-
10.5,-,-
10.51,-,-
10.52,-,-
10.53,-,-
10.54,-,-
10.55,-,-
10.56,1.0169886721993326,-
10.57,-,-
10.58,-,-
10.59,1.040048239214229,0.25551683959352767
10.6,1.0328076493432212,0.20910224822723783
10.61,-,-
10.62,1.02883172911512,-
10.63,-,-
10.64,-,-
10.65,-,-
10.66,-,-
10.67,-,0.17239258647941175
10.68,-,-
10.69,1.0931489322235601,-
10.7,-,0.16690558110698867
10.71,-,-
10.72,-,-
10.73,1.0838954659416182,-
10.74,-,-
10.75,-,-
10.76,-,-
10.77,-,-
10.78,-,-
10.79,-,-
10.8,-,-
10.81,-,-
10.82,-,-
10.83,-,-
10.84,-,0.11336892139183208
10.85,1.0919676337418258,-
10.86,-,-
10.87,1.106240488620934,-
10.88,-,0.0726983647970236
10.89,-,0.056379314173002376
10.9,-,0.09092794705109067
10.91,1.1119652399616409,0.07865931498672618
10.92,1.100974285277739,-
10.93,-,0.03999196439523742
10.94,1.1284757460830421,0.056717330273144725
10.95,-,-
10.96,-,-
10.97,-,-
10.98,1.1153052583180105,0.009518394087626806
10.99,1.1171567472147317,-
11.0,-,-
11.01,1.1167557075188208,-
11.02,1.1246009997283275,0.019947572780229808
11.03,-,-
11.04,-,-
11.05,1.1032380072760446,-
11.06,-,-
11.07,-,-0.022087017986309958
11.08,-,-
11.09,-,-
11.1,-,0.0028778740052402482
11.11,-,0.005135127292703115
11.12,1.1009537932744782,-
11.13,-,-
11.14,-,-0.010357803371883016
11.15,1.1126714244423719,-
11.16,-,-
11.17,1.0686932814244534,-0.04732923072957669
11.18,-,-
11.19,-,-
11.2,-,-0.04992143743601504
11.21,-,-
11.22,-,-
11.23,-,-0.05959666453971223
11.24,1.0470647921878773,-
11.25,-,-0.10653577846239826
11.26,1.067551873480063,-0.10779600717669613
11.27,1.0441171899913566,-0.08569621836455046
11.28,-,-
11.29,-,-
11.3,1.0695641443570387,-
11.31,-,-0.13579700963638294
11.32,1.025887932021042,-0.08882124930570721
11.33,1.051312932597185,-
11.34,1.0536499097519596,-0.1624525910341148
11.35,-,-
11.36,-,-
11.37,-,-0.12687833320324998
11.38,-,-
11.39,0.9960211579306145,-
11.4,-,-0.17609194974715797
11.41,-,-
11.42,-,-
11.43,-,-0.17605019123593393
11.44,0.9765732085740713,-
11.45,-,-
11.46,0.9729627150525069,-0.2014070608356183
11.47,-,-
11.48,-,-
11.49,0.9620985206995929,-
11.5,-,-
11.51,-,-0.2098851495571247
11.52,-,-
11.53,0.9616731933277117,-0.19752023559342635
11.54,0.945045143470228,-
11.55,-,-
11.56,-,-
11.57,-,-
11.58,0.937920922415092,-
11.59,0.9171388679349972,-
11.6,-,-
11.61,0.9220080233555988,-0.24377064839616747
11.62,0.898905405145415,-
11.63,-,-0.23729218912220867
11.64,0.9000507290956836,-0.26499763295799733
11.65,-,-0.2543568772446003
11.66,-,-
11.67,-,-
11.68,-,-
11.69,-,-
11.7,0.8672950806088363,-
11.71,0.8637787680041878,-0.26210914372316846
11.72,-,-0.2668139569909886
11.73,0.8158920828642529,-
11.74,-,-
11.75,-,-0.27144785193278087
11.76,0.7935563128191059,-0.3288213459489038
11.77,-,-0.30918462942129327
11.78,0.8216880627226858,-
11.79,-,-
11.8,-,-
11.81,0.7635957633159742,-
11.82,0.7816345750989547,-
11.83,0.7864206755474329,-
11.84,0.7599486396971779,-
11.85,-,-
11.86,-,-
11.87,-,-
11.88,-,-0.35535028513215117
11.89,0.7012371847902965,-0.36016526205961646
11.9,0.7085058839202886,-0.33002115729870807
11.91,-,-
11.92,-,-
11.93,-,-
11.94,-,-0.34630979405712986
11.95,-,-0.3439359694461145
11.96,-,-0.3632494597298214
11.97,-,-
11.98,0.6343580420536209,-0.35889825834638167
11.99,-,-
12.0,-,-0.3705240726198449
12.01,0.6191445184893134,-
12.02,0.6327082229497787,-
12.03,-,-
12.04,-,-
12.05,-,-0.40483384042081294
12.06,-,-
12.07,0.5705856799064033,-
12.08,-,-
12.09,-,-0.37443486638075535
12.1,0.5322686555154371,-
12.11,-,-
12.12,-,-
12.13,-,-0.41121588847227786
12.14,-,-0.36341088970609814
12.15,-,-
12.16,-,-
12.17,-,-
12.18,-,-
12.19,-,-
12.2,-,-
12.21,-,-0.4125351027910374
12.22,-,-0.4118049997190217
12.23,0.42397165533855496,-
12.24,-,-
12.25,-,-
12.26,-,-0.3970173042724607
12.27,-,-
12.28,0.3875265593291844,-0.3933441399165065
12.29,-,-
12.3,-,-
12.31,-,-
12.32,-,-
12.33,-,-0.4117071694020085
12.34,-,-
12.35,-,-
12.36,0.3332288052501747,-
12.37,0.31496120568964925,-0.4435938066729874
12.38,-,-
12.39,-,-
12.4,-,-
12.41,-,-
12.42,0.2638710837956927,-
12.43,0.27264636449067564,-0.4574648844029576
12.44,-,-
12.45,-,-0.43403434941156227
12.46,-,-
12.47,0.21298086573253064,-0.39878515354272903
12.48,-,-0.43391255574757454
12.49,-,-0.4532579054028537
12.5,-,-0.4451062731553028
12.51,0.18943769695729973,-
12.52,0.18055843365828167,-
12.53,-,-
12.54,-,-
12.55,-,-
12.56,-,-
12.57,-,-
12.58,-,-
12.59,-,-
12.6,-,-
12.61,-,-0.42868774738753745
12.62,-,-0.4030363244413816
12.63,0.08535273471478336,-
12.64,-,-
12.65,0.06709140412679221,-
12.66,-,-
12.67,-,-
12.68,-,-
12.69,-,-0.398160768767248
12.7,-,-
12.71,-,-
12.72,-,-
12.73,-,-
12.74,-,-
12.75,-0.03855062692905922,-
12.76,-,-
12.77,-,-0.4380605519576264
12.78,-,-
12.79,-,-
12.8,-,-
12.81,-,-
12.82,-,-
12.83,-0.10349948698368132,-0.3962062264900097
12.84,-,-0.41022586717889453
12.85,-0.11698329875655687,-0.37580912839549796
12.86,-,-0.3682232159865255
12.87,-,-0.4006551861572395
12.88,-0.13323763559909574,-
12.89,-,-
12.9,-0.1924964105848419,-
12.91,-0.17688012967268035,-
12.92,-,-
12.93,-,-0.36296557190343826
12.94,-0.22145216294309944,-
12.95,-0.1985927310067326,-0.38623969634914246
12.96,-,-0.4115754009882317
12.97,-,-0.3573594494302713
12.98,-,-0.3444155843644202
12.99,-,-
13.0,-,-
13.01,-0.24868575474860632,-
13.02,-,-0.34188105912086225
13.03,-0.2564732829571347,-
13.04,-,-0.3498989076013331
13.05,-,-0.36473151074663346
13.06,-0.31150162257650865,-
13.07,-,-
13.08,-,-
13.09,-,-
13.1,-,-
13.11,-,-
13.12,-,-0.33790776463943295
13.13,-0.3474703989067781,-0.3298036862179784
13.14,-,-0.3290571884812293
13.15,-0.38380182427849263,-
13.16,-,-
13.17,-,-
13.18,-,-0.3058546619986835
13.19,-,-
13.2,-,-
13.21,-0.38280899802919294,-
13.22,-0.40604080828661115,-
13.23,-0.4304291898610204,-
13.24,-,-
13.25,-0.4431646501722479,-
13.26,-,-0.29946278478808924
13.27,-,-
13.28,-0.45081129707977396,-
13.29,-,-0.2834661618529993
13.3,-,-
13.31,-,-
13.32,-,-0.29310911561828046
13.33,-,-
13.34,-,-0.29788196741692624
13.35,-0.5025030668515604,-0.2690530312575631
13.36,-,-
13.37,-0.5275538059701566,-
13.38,-0.49986236384528576,-
13.39,-0.49209464193482466,-0.23792576447963376
13.4,-,-
13.41,-0.5263572204695447,-
13.42,-,-
13.43,-0.5130946375363411,-
13.44,-,-
13.45,-,-
13.46,-0.5312067446519326,-
13.47,-,-0.2220681869429996
13.48,-,-
13.49,-,-
13.5,-0.5894404753693627,-
13.51,-,-0.19899954639792355
13.52,-,-
13.53,-0.5952768056838343,-
13.54,-,-0.17672410027979454
13.55,-,-
13.56,-,-
13.57,-0.5792424349829886,-
13.58,-,-0.18969318041053096
13.59,-,-
13.6,-0.6329073908867824,-0.15275597988593373
13.61,-,-0.20063676870315444
13.62,-,-
13.63,-,-
13.64,-,-
13.65,-,-
13.66,-,-0.17626820669601131
13.67,-0.637377498005204,-0.1486826919679324
13.68,-,-
13.69,-0.632809408257582,-
13.7,-,-
13.71,-,-
13.72,-,-
13.73,-,-
13.74,-,-0.15206155504883342
13.75,-,-
13.76,-,-
13.77,-0.6603678719256356,-0.1364112542008352
13.78,-,-0.12185399782343911
13.79,-,-
13.8,-,-
13.81,-,-0.1252644587580827
13.82,-,-
13.83,-0.6620373088887251,-0.12655977682591038
13.84,-,-
13.85,-,-
13.86,-0.6637099584775904,-
13.87,-,-
13.88,-,-
13.89,-,-0.04854620210386274
13.9,-,-
13.91,-,-0.083795062734673
13.92,-0.6789992102322492,-
13.93,-,-
13.94,-0.7150095698839332,-
13.95,-0.6803523324603554,-0.06482349107795778
13.96,-0.7175920988047254,-
13.97,-,-
13.98,-,-
13.99,-0.7023510443154405,-0.031356491624082425
14.0,-,0.0008550403047043811
14.01,-,-
14.02,-,-0.024869504267064045
14.03,-0.671170981716769,-0.034084977925419105
14.04,-,-
14.05,-,-
14.06,-,0.024709751843653746
14.07,-0.7125971648590055,0.01668091615758755
14.08,-0.6793107284128939,-
14.09,-,0.023540734423773437
14.1,-0.7165899266996054,-
14.11,-0.6799098000685693,-
14.12,-,0.02496836004859059
14.13,-,-
14.14,-,-
14.15,-,0.07038250265389803
14.16,-0.6906688625343638,-
14.17,-,-
14.18,-,-
14.19,-,-
14.2,-,-
14.21,-,-
14.22,-,-
14.23,-,0.06844222725528214
14.24,-,0.09412057592617817
14.25,-,-
14.26,-0.6864833418075584,-
14.27,-,-
14.28,-,-
14.29,-,0.09578528341252819
14.3,-,-
14.31,-,-
14.32,-,0.13460145606904467
14.33,-0.6474394982440411,-
14.34,-,-
14.35,-,-
14.36,-,-
14.37,-,-
14.38,-0.651539178058358,-
14.39,-0.6468949677240009,0.15768598973810755
14.4,-,-
14.41,-,0.12367584647919469
14.42,-,-
14.43,-,0.17251929516369907
14.44,-,-
14.45,-,0.17364583537857353
14.46,-,-
14.47,-,-
14.48,-,0.15746808961352257
14.49,-,-
14.5,-0.5990475492642338,0.18320879417090463
14.51,-0.6196611203956456,-
14.52,-0.6053923514309947,-
14.53,-,-
14.54,-0.5831524082575995,-
14.55,-,-
14.56,-,-
14.57,-,-
14.58,-,-
14.59,-,-
14.6,-0.5957737884305196,-
14.61,-0.5897171180439077,-
14.62,-,0.18565342627823647
14.63,-0.5622377853276986,0.21326143676034257
14.64,-,-
14.65,-,0.22754314626408778
14.66,-,-
14.67,-0.5271577457801037,-
14.68,-,-
14.69,-,-
14.7,-0.5485196335484194,-
14.71,-0.49954443217085487,0.24886978117294836
14.72,-0.5373305838041453,-
14.73,-,0.2743049271172153
14.74,-0.4932480682967467,-
14.75,-,-
14.76,-,-
14.77,-0.4909079012303226,-
14.78,-,0.2779646352990233
14.79,-0.47378702693096714,-
14.8,-,-
14.81,-,0.24159007473467722
14.82,-,-
14.83,-0.4477775840282131,-
14.84,-,0.31037172187932927
14.85,-,-
14.86,-,-
14.87,-,0.31254694049174286
14.88,-,0.30295879940201853
14.89,-0.436692210620068,-
14.9,-,0.28052073949584655
14.91,-,-
14.92,-,-
14.93,-,-
14.94,-,-
14.95,-,0.2824462420606069
14.96,-,0.3179991981526124
14.97,-,0.33622482815807253
14.98,-,-
14.99,-0.3751281562629849,-
15.0,-,-
15.01,-,0.2930415913339506
15.02,-,-
15.03,-,-
15.04,-,-
15.05,-0.3080409527842609,-
15.06,-0.3069828866647797,-
15.07,-,-
15.08,-,-
15.09,-,-
15.1,-,-
15.11,-,-
15.12,-0.29776040565553175,-
15.13,-,-
15.14,-,-
15.15,-,-
15.16,-,-
15.17,-0.2493818323747879,-
15.18,-,0.3659787686058691
15.19,-,-
15.2,-,0.3398999116652872
15.21,-0.21592211266555988,0.32883132956439226
15.22,-0.21122341296143146,-
15.23,-,-
15.24,-,0.3531928827992831
15.25,-,0.32602122693368657
15.26,-0.2005699236336757,0.3584029388570418
15.27,-0.19264431623927433,-
15.28,-,-
15.29,-,-
15.3,-,-
15.31,-0.13566182317182757,-
15.32,-,-
15.33,-,-
15.34,-,-
15.35,-,-
15.36,-,0.35524771208101824
15.37,-0.13700698830609825,-
15.38,-,-
15.39,-,-
15.4,-,0.3609255568218462
15.41,-,0.36462569320667587
15.42,-,-
15.43,-,-
15.44,-,0.34113232283745065
15.45,-0.052269895630893334,0.38896619438207153
15.46,-,-
15.47,-,-
15.48,-,-
15.49,-,0.40238620787391405
15.5,-,0.34742267513524844
15.51,-,-
15.52,-0.013146004374313333,-
15.53,-,-
15.54,-,-
15.55,-,-
15.56,-0.003988664010854848,-
15.57,-,-
15.58,0.05542632581047686,0.3710140679141119
15.59,-,0.36277253492523887
15.6,-,0.3946172373717421
15.61,-,0.37122584347542165
15.62,0.05832773062678024,-
15.63,0.05696496387783746,-
15.64,-,-
15.65,-,-
15.66,-,-
15.67,-,0.40268293822291473
15.68,-,-
15.69,-,-
15.7,-,-
15.71,-,-
15.72,-,-
15.73,-,-
15.74,-,-
15.75,-,0.355091814028148
15.76,-,-
15.77,-,0.3740939757808388
15.78,-,-
15.79,0.19493656701395662,0.3655746034534192
15.8,-,-
15.81,0.17988369082298294,-
15.82,-,-
15.83,0.22116893658861836,0.3623121933676683
15.84,-,0.3668272914866322
15.85,-,-
15.86,-,-
15.87,-,-
15.88,0.24338379945341745,0.33101158298507366
15.89,-,-
15.9,0.22639080357308264,0.36006317033613483
15.91,-,-
15.92,-,-
15.93,0.285491037639187,0.33828770168338373
15.94,0.2918292283878892,-
15.95,-,-
15.96,-,0.3540836192542025
15.97,-,-
15.98,-,0.3599104127724384
15.99,-,0.3171893381870393
16.0,-,-
16.01,-,-
16.02,0.31874219660401487,-
16.03,0.30969167245512613,-
16.04,-,-
16.05,0.31510856135513265,-
16.06,0.3329899657052127,0.3243073141471102
16.07,-,-
16.08,0.36890120426803685,-
16.09,-,0.32199406026248495
16.1,-,-
16.11,-,0.33427499105714953
16.12,-,0.32193669438354955
16.13,0.3748405877167498,-
16.14,0.3941670474989105,-
16.15,-,-
16.16,-,-
16.17,-,-
16.18,-,-
16.19,-,0.32475447514419087
16.2,-,0.3362143564975309
16.21,-,0.3136254482494475
16.22,-,-
16.23,-,-
16.24,0.4284237893310122,-
16.25,0.46180813493888523,0.311718631009708
16.26,-,-
16.27,0.4624168172611486,-
16.28,0.4614110290579687,-
16.29,-,-
16.3,-,0.310005391004302
16.31,-,-
16.32,-,-
16.33,-,-
16.34,-,0.31423188707380156
16.35,-,0.292763887878816
16.36,-,-
16.37,0.49194888753609795,-
16.38,-,0.2908355573395581
16.39,-,0.297261244061416
16.4,0.5238212211271167,-
16.41,-,-
16.42,-,-
16.43,-,0.2557015096645742
16.44,0.5369148241724587,0.24446318378533788
16.45,-,-
16.46,-,-
16.47,-,-
16.48,-,-
16.49,-,-
16.5,0.5763407122962162,0.27853191438572183
16.51,-,-
16.52,-,-
16.53,-,-
16.54,-,-
16.55,-,0.2546048853808509
16.56,-,0.20142956528354172
16.57,0.58142841172786,-
16.58,-,-
16.59,0.5926247033371138,0.21862443629973594
16.6,-,-
16.61,-,-
16.62,-,0.2327853904058863
16.63,-,0.17965315839368937
16.64,0.6150057114028766,-
16.65,0.598754642852755,-
16.66,-,-
16.67,-,-
16.68,0.602230792133996,-
16.69,-,-
16.7,0.5941402978649966,-
16.71,-,0.19274947190256014
16.72,-,-
16.73,0.6019711502067444,-
16.74,-,0.19094451385239164
16.75,-,-
16.76,-,-
16.77,-,-
16.78,-,0.15687339370394324
16.79,-,-
16.8,-,0.15662121697517284
16.81,-,0.17578154734856
16.82,-,-
16.83,-,-
16.84,0.6525772100790785,-
16.85,-,0.13768025899915237
16.86,-,-
16.87,-,-
16.88,-,-
16.89,-,-
16.9,-,-
16.91,-,-
16.92,-,-
16.93,0.6625638623147835,-
16.94,-,-
16.95,-,0.1395192201648873
16.96,0.6688417793598909,0.1193779175436141
16.97,0.6485496757838509,-
16.98,-,-
16.99,-,-
17.0,-,-
17.01,0.6503340575589407,-
17.02,-,0.10408412638465947
17.03,-,-
17.04,0.6809896475134392,-
17.05,-,0.10053943889060599
17.06,-,-
17.07,-,-
17.08,0.6376185507310657,-
17.09,-,-
17.1,-,0.06831088009678442
17.11,-,-
17.12,0.681147475690808,-
17.13,-,-
17.14,-,-
17.15,-,-
17.16,-,0.08594330281077839
17.17,0.6699370143626804,-
17.18,-,-
17.19,-,-
17.2,0.6588104878875984,-
17.21,0.6605950399344297,-
17.22,0.6498517625048044,-
17.23,-,0.013838543672894877
17.24,-,-
17.25,-,0.02785997889802264
17.26,-,0.02534772055426168
17.27,-,-
17.28,-,-
17.29,0.6368125198370347,-
17.3,0.6270426026114198,0.05216170752660381
17.31,-,-
17.32,0.6677836976956181,-
17.33,-,0.03888026935966851
17.34,-,-
17.35,-,0.047570752647902344
17.36,0.6432300672807741,-
17.37,-,-
17.38,-,-
17.39,-,-
17.4,-,-
17.41,0.6449864943106736,-0.012504221954923945
17.42,0.6522495441164364,-
17.43,-,-
17.44,-,-
17.45,-,-
17.46,-,-
17.47,-,-
17.48,-,-
17.49,-,-
17.5,-,-
17.51,0.6085862761430005,-0.04389768964551413
17.52,-,-
17.53,0.6022813471270564,-
17.54,-,-0.0504414209876946
17.55,-,-
17.56,0.5771378429448246,-
17.57,0.5792630053813181,-
17.58,-,-
17.59,-,-
17.6,-,-0.041865046852953586
17.61,0.6113016611485941,-0.04978855484643291
17.62,0.6009581840232937,-
17.63,0.5712036691801368,-
17.64,0.5942789109126377,-
17.65,-,-
17.66,-,-0.08360269793177467
17.67,-,-
17.68,0.56500300350266,-
17.69,0.5677726895369888,-
17.7,-,-0.0395097545772143
17.71,-,-
17.72,-,-0.07840285032871357
17.73,-,-0.09110889236337359
17.74,-,-
17.75,-,-
17.76,-,-
17.77,0.5282628698322216,-
17.78,-,-0.08968287449019399
17.79,-,-
17.8,-,-
17.81,-,-0.08935877928081445
17.82,0.5341479282129556,-0.06828144361349961
17.83,-,-
17.84,-,-
17.85,-,-0.07514230148520668
17.86,-,-
17.87,0.49922513249088235,-
17.88,-,-
17.89,-,-
17.9,-,-0.10761302890610869
17.91,-,-
17.92,0.49306930908869995,-0.11010641692101147
17.93,-,-
17.94,0.4745123680514759,-
17.95,-,-0.10320336715325798
17.96,-,-
17.97,-,-
17.98,-,-0.10497707730428925
17.99,-,-
18.0,0.4461118295933617,-0.11912904622789112
18.01,-,-0.08756178640509446
18.02,-,-0.11632103743569644
18.03,-,-0.08938929948352689
18.04,0.4228313411093024,-
18.05,-,-
18.06,-,-0.0963932948881667
18.07,0.4232720401279521,-0.14533002252189475
18.08,-,-0.12823360047384696
18.09,-,-0.11902400818512013
18.1,-,-
18.11,-,-
18.12,0.4273741002220426,-
18.13,-,-
18.14,-,-
18.15,-,-
18.16,-,-
18.17,-,-
18.18,0.39924901223693415,-
18.19,0.4027364839294719,-0.14455590747106045
18.2,-,-
18.21,0.4006049074645617,-0.15249883273115433
18.22,0.37646699078093826,-0.11038562683524931
18.23,-,-
18.24,-,-
18.25,-,-
18.26,0.37555274701456837,-0.13051291442736018
18.27,-,-
18.28,-,-
18.29,-,-0.14114787936955742
18.3,0.34100502407749905,-
18.31,-,-
18.32,0.3159478123293381,-
18.33,-,-
18.34,-,-
18.35,-,-
18.36,0.29537150105740306,-0.13115103379725662
18.37,-,-0.1285611706886157
18.38,-,-0.1316504367791896
18.39,-,-0.1488590227002352
18.4,-,-0.13625918592748165
18.41,-,-
18.42,-,-0.1568748564897807
18.43,0.29317003772624084,-
18.44,0.2685189979201358,-
18.45,-,-
18.46,-,-0.13954445154595013
18.47,-,-0.17106967757051766
18.48,-,-
18.49,-,-
18.5,-,-
18.51,0.23476932937636225,-
18.52,-,-
18.53,-,-
18.54,-,-
18.55,-,-
18.56,-,-
18.57,0.23860399933686607,-0.1341533781407417
18.58,-,-0.1599033576270828
18.59,-,-
18.6,-,-
18.61,-,-0.18145095937681943
18.62,-,-
18.63,-,-0.17507176731024368
18.64,0.20284561677753615,-
18.65,0.1892560976620536,-0.1407202613772729
18.66,0.16969274827771114,-
18.67,0.20480377776407196,-
18.68,0.20893690015820754,-
18.69,-,-
18.7,-,-
18.71,-,-0.18494205854518406
18.72,-,-
18.73,-,-0.1579800095671075
18.74,-,-
18.75,-,-
18.76,-,-
18.77,-,-
18.78,-,-
18.79,-,-
18.8,-,-
18.81,0.16030929053033594,-
18.82,-,-
18.83,-,-0.13773095948379466
18.84,-,-
18.85,0.1221838003000546,-
18.86,-,-
18.87,0.10584007824877661,-
18.88,0.12353698807851157,-
18.89,-,-0.11521414280617319
18.9,-,-
18.91,0.09897146491181177,-
18.92,-,-0.15342273270365067
18.93,0.09445671306924033,-
18.94,-,-
18.95,0.100402020704849,-0.12309902033303928
18.96,0.059830059093483934,-
18.97,-,-0.16600015795461776
18.98,-,-
18.99,0.06537884622166248,-0.11964198554966365
19.0,-,-
19.01,-,-
19.02,-,-
19.03,-,-0.1568542452900462
19.04,-,-
19.05,-,-0.1492828986084689
19.06,-,-
19.07,-,-
19.08,0.020973273242692395,-0.1316426483864727
19.09,-,-
19.1,0.03828272038332884,-
19.11,-,-
19.12,-,-
19.13,-,-
19.14,-,-0.15118287764597102
19.15,-,-
19.16,0.00804395360823161,-
19.17,-,-0.09048250654414496
19.18,0.009981334096210756,-0.12789364937315606
19.19,-,-
19.2,0.023162873966950007,-0.13820879765250857
19.21,-,-
19.22,-,-0.12570642027468037
19.23,-,-
19.24,-,-
19.25,-,-
19.26,-0.01679140213631461,-0.12232148468396879
19.27,0.0037596231344580455,-
19.28,-0.03037419872637559,-
19.29,-,-
19.3,-,-
19.31,-,-
19.32,-0.006495491587149252,-
19.33,-,-0.10550679530565274
19.34,-,-0.11066876098371933
19.35,-0.04730575083211479,-
19.36,-,-
19.37,-,-
19.38,-,-
19.39,-,-
19.4,-0.045976088379256666,-
19.41,-,-
19.42,-0.05835294003602144,-
19.43,-0.03975413247762881,-
19.44,-0.04204486346049807,-
19.45,-,-
19.46,-,-
19.47,-,-
19.48,-,-
19.49,-,-0.08738303536519429
19.5,-,-
19.51,-,-0.05788785264106481
19.52,-,-
19.53,-,-0.06803406162649164
19.54,-0.07107611682159141,-
19.55,-,-
19.56,-,-0.04622171268898265
19.57,-0.06511938387641829,-0.10605766248440293
19.58,-0.07721145928074383,-
19.59,-0.05455075038184452,-
19.6,-,-
19.61,-0.06771517027871997,-0.042474180881637486
19.62,-,-
19.63,-,-
19.64,-0.07527512907721803,-
19.65,-,-
19.66,-,-
19.67,-0.08672945268649157,-0.07836744570349272
19.68,-,-
19.69,-0.05953535093404971,-0.07379346296964548
19.7,-,-
19.71,-0.062445463873589124,-
19.72,-,-
19.73,-,-0.028345133885850256
19.74,-0.10163619059842781,-0.025672624239651096
19.75,-,-
19.76,-,-0.016635401901038224
19.77,-,-0.060817622052642004
19.78,-,-0.05360018336852207
19.79,-0.0973327825292224,-0.043390533586243306
19.8,-,-0.02923236616232463
19.81,-,-
19.82,-0.0958734529401735,-
19.83,-,-
19.84,-,-
19.85,-,-
19.86,-0.07769419634929028,-0.011690494771273256
19.87,-,-0.037901910330329025
19.88,-,-
19.89,-,-
19.9,-,-
19.91,-,-0.034604899975824555
19.92,-0.081972313051331,-
19.93,-,-
19.94,-,-0.02772281703005311
19.95,-,-0.008373420006295151
19.96,-,-
19.97,-0.10338498289342064,-0.016746906664168143
19.98,-0.08008968816969166,-
19.99,-,-
